user_id,username,token,shareable_link
17051709,Thiago,01810376aae74a989d35aedc,https://GITHUB_USERNAME.github.io/feed-evaluation/#eval/01810376aae74a989d35aedc
10788170,Deaththekid3310,0719c3a282f043abb12b0d39,https://GITHUB_USERNAME.github.io/feed-evaluation/#eval/0719c3a282f043abb12b0d39
9373910,Formidable,0badf69b1e164afdb281063d,https://GITHUB_USERNAME.github.io/feed-evaluation/#eval/0badf69b1e164afdb281063d
16749754,Barbara6,100e94f82c2f479080bf6913,https://GITHUB_USERNAME.github.io/feed-evaluation/#eval/100e94f82c2f479080bf6913
2455753,GustyMFA,1f892ba6a6924b7fb3d367e0,https://GITHUB_USERNAME.github.io/feed-evaluation/#eval/1f892ba6a6924b7fb3d367e0
17303707,Sarah,2b102a92620d41f887c0ec3c,https://GITHUB_USERNAME.github.io/feed-evaluation/#eval/2b102a92620d41f887c0ec3c
13906726,Aryan_uchiha,2cca88b7ae4140bb90e3db9a,https://GITHUB_USERNAME.github.io/feed-evaluation/#eval/2cca88b7ae4140bb90e3db9a
801,zhuwanli,2feefbec7e7240ab8a27255b,https://GITHUB_USERNAME.github.io/feed-evaluation/#eval/2feefbec7e7240ab8a27255b
10868297,LillyDaBabyBunny,33430077fc4042c3847e193f,https://GITHUB_USERNAME.github.io/feed-evaluation/#eval/33430077fc4042c3847e193f
4676899,Forbidden10,3983402cad644c8f928acfc1,https://GITHUB_USERNAME.github.io/feed-evaluation/#eval/3983402cad644c8f928acfc1
data,Unknown,3b45bb72c5e84ce8a53b99f2,https://GITHUB_USERNAME.github.io/feed-evaluation/#eval/3b45bb72c5e84ce8a53b99f2
5988619,dexor.ofc,3d8aad28457a4e798835d615,https://GITHUB_USERNAME.github.io/feed-evaluation/#eval/3d8aad28457a4e798835d615
14282598,Gabriela,437b36ef32104a2394254748,https://GITHUB_USERNAME.github.io/feed-evaluation/#eval/437b36ef32104a2394254748
17324888,Ash,46181f9d5712476391a4180d,https://GITHUB_USERNAME.github.io/feed-evaluation/#eval/46181f9d5712476391a4180d
14260940,suzuki_hayabusa,47fe3ff7970d4910a02cf4e8,https://GITHUB_USERNAME.github.io/feed-evaluation/#eval/47fe3ff7970d4910a02cf4e8
13477171,Mihail S,492093be7e9144709a38d3d9,https://GITHUB_USERNAME.github.io/feed-evaluation/#eval/492093be7e9144709a38d3d9
14401279,SlowMan,4b295f1f5ebe44b68c6ec59c,https://GITHUB_USERNAME.github.io/feed-evaluation/#eval/4b295f1f5ebe44b68c6ec59c
14496370,ShadowBeast2919,4df6e8613adb44319f8da1ad,https://GITHUB_USERNAME.github.io/feed-evaluation/#eval/4df6e8613adb44319f8da1ad
5878257,U_Iriamu,58126f470b7a4f4b87a445a8,https://GITHUB_USERNAME.github.io/feed-evaluation/#eval/58126f470b7a4f4b87a445a8
17404739,Clayton ,5c07f43249154934ba21289e,https://GITHUB_USERNAME.github.io/feed-evaluation/#eval/5c07f43249154934ba21289e
9288262,021_M.O.R.E.N.O,5f663763685c42629adbd3ab,https://GITHUB_USERNAME.github.io/feed-evaluation/#eval/5f663763685c42629adbd3ab
16474400,PXR_Nexus,65ea815ef0c94a7ca3e75839,https://GITHUB_USERNAME.github.io/feed-evaluation/#eval/65ea815ef0c94a7ca3e75839
12143184,Jesus,688e9db0c219439f8e295d2f,https://GITHUB_USERNAME.github.io/feed-evaluation/#eval/688e9db0c219439f8e295d2f
17460656,Mariano,68aaf08761984449beca6a60,https://GITHUB_USERNAME.github.io/feed-evaluation/#eval/68aaf08761984449beca6a60
10460611,Kalul,6c4190a53e044aa28eb80c46,https://GITHUB_USERNAME.github.io/feed-evaluation/#eval/6c4190a53e044aa28eb80c46
4845801,Medicenben,736b539bdb8a4e4eb48187bd,https://GITHUB_USERNAME.github.io/feed-evaluation/#eval/736b539bdb8a4e4eb48187bd
evals,Unknown,7fa6702dd26c444cb2e594f8,https://GITHUB_USERNAME.github.io/feed-evaluation/#eval/7fa6702dd26c444cb2e594f8
1274168,Arture,848e1f83801d4f1fa896f99e,https://GITHUB_USERNAME.github.io/feed-evaluation/#eval/848e1f83801d4f1fa896f99e
12199176,Ariel,89c760b159014783b12d0daa,https://GITHUB_USERNAME.github.io/feed-evaluation/#eval/89c760b159014783b12d0daa
14506285,tadashi25,921d7ea8dee34a4f9d610b24,https://GITHUB_USERNAME.github.io/feed-evaluation/#eval/921d7ea8dee34a4f9d610b24
16009065,Zhilah,9293fb7c31004816be5cf4e4,https://GITHUB_USERNAME.github.io/feed-evaluation/#eval/9293fb7c31004816be5cf4e4
9680428,Nikita Golovin,a1c2a3d601c74f02b0ecec3e,https://GITHUB_USERNAME.github.io/feed-evaluation/#eval/a1c2a3d601c74f02b0ecec3e
12715054,Gabriel Moura Foxy,a6902375436b4d879b948adb,https://GITHUB_USERNAME.github.io/feed-evaluation/#eval/a6902375436b4d879b948adb
8481278,zaurion,af01df52ce83419f9e0ae92b,https://GITHUB_USERNAME.github.io/feed-evaluation/#eval/af01df52ce83419f9e0ae92b
9900183,ThatAttitude,b0ce74cf43e24c19a2a2e3a5,https://GITHUB_USERNAME.github.io/feed-evaluation/#eval/b0ce74cf43e24c19a2a2e3a5
2125738,GhostGunMTF,b93e45d6cac2462795fba3c9,https://GITHUB_USERNAME.github.io/feed-evaluation/#eval/b93e45d6cac2462795fba3c9
9410689,TCFNova,bc80e850abc74ca7a27380d5,https://GITHUB_USERNAME.github.io/feed-evaluation/#eval/bc80e850abc74ca7a27380d5
9992425,Valentin Fedulov,c237f7f20a5c4840b3b9bfc2,https://GITHUB_USERNAME.github.io/feed-evaluation/#eval/c237f7f20a5c4840b3b9bfc2
10718035,Andriele_Gameram,c2b489952d814732bda942dd,https://GITHUB_USERNAME.github.io/feed-evaluation/#eval/c2b489952d814732bda942dd
8915538,ThePlayer1,c6bd9345a4a54f16ab368a71,https://GITHUB_USERNAME.github.io/feed-evaluation/#eval/c6bd9345a4a54f16ab368a71
3424736,Ivan Davidov,c939c94b24bb48ab935c2c33,https://GITHUB_USERNAME.github.io/feed-evaluation/#eval/c939c94b24bb48ab935c2c33
12878441,Thiago547744,cde31db7be1b48e5ae02281d,https://GITHUB_USERNAME.github.io/feed-evaluation/#eval/cde31db7be1b48e5ae02281d
2322445,kazimuhwari,d5af2c270fe347b9a91cd78c,https://GITHUB_USERNAME.github.io/feed-evaluation/#eval/d5af2c270fe347b9a91cd78c
14279823,beatriz0,ddf0a3ab110f4c29bf5da0f2,https://GITHUB_USERNAME.github.io/feed-evaluation/#eval/ddf0a3ab110f4c29bf5da0f2
14521610,xpdiario,e758ebdb9e694cae800125a8,https://GITHUB_USERNAME.github.io/feed-evaluation/#eval/e758ebdb9e694cae800125a8
11983703,BakugouTV66,ea8ec60cc0f04d859a79613f,https://GITHUB_USERNAME.github.io/feed-evaluation/#eval/ea8ec60cc0f04d859a79613f
17264957,Jeremy,f2a01ebe7bd244ddb79d6efc,https://GITHUB_USERNAME.github.io/feed-evaluation/#eval/f2a01ebe7bd244ddb79d6efc
1007222,Anastasia,f33ffd27ec3b4a66a6267674,https://GITHUB_USERNAME.github.io/feed-evaluation/#eval/f33ffd27ec3b4a66a6267674
